{"cameraMode":{"drawMode":0,"name":"Shaded","section":"Shading Mode"},"sceneLighting":true,"audioPlay":false,"sceneViewState":{"m_AlwaysRefresh":false,"showFog":true,"showSkybox":true,"showFlares":true,"showImageEffects":true,"showParticleSystems":true,"showVisualEffectGraphs":true,"m_FxEnabled":false},"in2DMode":false,"pivot":{"x":5.177217483520508,"y":-22.471296310424806,"z":111.42240142822266},"rotation":{"x":-0.11255579441785813,"y":-0.017290426418185235,"z":0.001966407522559166,"w":-0.9935106039047241},"size":570.898681640625,"orthographic":false}